Workbook

Sheet Read me
A1: Decision tree: training beams and test beams
A3: What this workbook is | B3: The 3000 beams of the retrofit simulation (slide 11), split as the decision tree saw them: 2100 training beams (70%) and 900 test beams (30%). The tree learned its rules from the training beams only. The test beams were never shown to it; its predictions for them are compared with the answer the IS 456 checks gave.
A4: How the split was made | B4: Random, stratified by scheme (each scheme has the same share in both sets), random seed 7 (Python: scikit-learn train_test_split, test_size 0.3). Same split as 09_retrofit_simulation/retrofit_tree.py.
A5: Correct answer (column "Scheme by IS 456 checks") | B5: From retrofit_sim.py: the least intrusive scheme that makes the beam comply with IS 456 cl 38.1 (flexure), cl 40 (shear), cl 23.2 (deflection) and Annex F (crack width). Order: monitor, seal cracks, polymer laminate, steel plate, concrete jacket. Steel plate and concrete jacket are one class for the tree ("Steel plate or jacket", only 126 of 3000 beams).
A6: Tree prediction (column "Tree prediction") | B6: An Excel formula: the tree's seven rules (sheet Tree rules) written as nested IF statements on the beam's own numbers. Excel predicts every beam itself; nothing is pasted from Python.
A7: Sheet: Training beams | B7: 2100 beams the tree learned from.
A8: Sheet: Test beams | B8: 900 beams the tree never saw. Accuracy on these is the number on slide 11.
A9: Sheet: Tree rules | B9: The seven split values found by the tree (green: carried from Python), and the tree drawn as rules.
A10: Sheet: Results | B10: Accuracy, confusion tables and catch rate of plate or jacket beams, all computed by Excel formulas from the two beam sheets.
A11: Inputs the tree could use | B11: Stiffness left (twin, lower 95% bound), crack width / IS 456 limit, moment demand / capacity, deflection / span/250 limit, live load factor (change of use), span / effective depth, steel ratio, design utilisation, dead load fraction. It chose to split on five of them.
A12: Colour code | B12: Blue text = data from the simulation (do not edit). Black text = Excel formulas. Green text = split values carried from the Python tree. Yellow cells = headline results.
A13: Source files | B13: 09_retrofit_simulation: retrofit_sim.py, retrofit_sim.csv, retrofit_tree.py, retrofit_tree.txt, build_tree_xl.py (this workbook).

Sheet Results
A1: How well the tree does (all values computed by Excel from the two beam sheets)
A3: Test beams (900, never seen by the tree): the result on slide 11
A4: Beams | B4: =COUNTA('Test beams'!$A$4:$A$903) -> 900
A5: Correct | B5: =COUNTIF('Test beams'!$T$4:$T$903,"Yes") -> 806
A6: Accuracy | B6: =B5/B4 -> 0.89555556
A8: Confusion table: rows = scheme by IS 456 checks, columns = tree prediction
B9: Monitor | C9: Seal cracks | D9: Polymer laminate | E9: Steel plate or jacket | F9: Total | G9: Caught (share of this scheme predicted correctly)
A10: Monitor | B10: =COUNTIFS('Test beams'!$R$4:$R$903,"Monitor",'Test beams'!$S$4:$S$903,"Monitor") -> 295 | C10: =COUNTIFS('Test beams'!$R$4:$R$903,"Monitor",'Test beams'!$S$4:$S$903,"Seal cracks") -> 0 | D10: =COUNTIFS('Test beams'!$R$4:$R$903,"Monitor",'Test beams'!$S$4:$S$903,"Polymer laminate") -> 3 | E10: =COUNTIFS('Test beams'!$R$4:$R$903,"Monitor",'Test beams'!$S$4:$S$903,"Steel plate or jacket") -> 0 | F10: =SUM(B10:E10) -> 298 | G10: =IF(F10=0,0,B10/F10) -> 0.98993289
A11: Seal cracks | B11: =COUNTIFS('Test beams'!$R$4:$R$903,"Seal cracks",'Test beams'!$S$4:$S$903,"Monitor") -> 0 | C11: =COUNTIFS('Test beams'!$R$4:$R$903,"Seal cracks",'Test beams'!$S$4:$S$903,"Seal cracks") -> 134 | D11: =COUNTIFS('Test beams'!$R$4:$R$903,"Seal cracks",'Test beams'!$S$4:$S$903,"Polymer laminate") -> 0 | E11: =COUNTIFS('Test beams'!$R$4:$R$903,"Seal cracks",'Test beams'!$S$4:$S$903,"Steel plate or jacket") -> 0 | F11: =SUM(B11:E11) -> 134 | G11: =IF(F11=0,0,C11/F11) -> 1
A12: Polymer laminate | B12: =COUNTIFS('Test beams'!$R$4:$R$903,"Polymer laminate",'Test beams'!$S$4:$S$903,"Monitor") -> 2 | C12: =COUNTIFS('Test beams'!$R$4:$R$903,"Polymer laminate",'Test beams'!$S$4:$S$903,"Seal cracks") -> 3 | D12: =COUNTIFS('Test beams'!$R$4:$R$903,"Polymer laminate",'Test beams'!$S$4:$S$903,"Polymer laminate") -> 343 | E12: =COUNTIFS('Test beams'!$R$4:$R$903,"Polymer laminate",'Test beams'!$S$4:$S$903,"Steel plate or jacket") -> 82 | F12: =SUM(B12:E12) -> 430 | G12: =IF(F12=0,0,D12/F12) -> 0.79767442
A13: Steel plate or jacket | B13: =COUNTIFS('Test beams'!$R$4:$R$903,"Steel plate or jacket",'Test beams'!$S$4:$S$903,"Monitor") -> 0 | C13: =COUNTIFS('Test beams'!$R$4:$R$903,"Steel plate or jacket",'Test beams'!$S$4:$S$903,"Seal cracks") -> 0 | D13: =COUNTIFS('Test beams'!$R$4:$R$903,"Steel plate or jacket",'Test beams'!$S$4:$S$903,"Polymer laminate") -> 4 | E13: =COUNTIFS('Test beams'!$R$4:$R$903,"Steel plate or jacket",'Test beams'!$S$4:$S$903,"Steel plate or jacket") -> 34 | F13: =SUM(B13:E13) -> 38 | G13: =IF(F13=0,0,E13/F13) -> 0.89473684
A14: Balanced accuracy (mean of the four catch rates) | G14: =AVERAGE(G10:G13) -> 0.92058604
A15: Plate or jacket beams caught | G15: =E13&" of "&F13 -> 34 of 38
A17: Training beams (2100, used to learn the rules)
A18: Beams | B18: =COUNTA('Training beams'!$A$4:$A$2103) -> 2100
A19: Correct | B19: =COUNTIF('Training beams'!$T$4:$T$2103,"Yes") -> 1903
A20: Accuracy | B20: =B19/B18 -> 0.90619048
A22: Confusion table: rows = scheme by IS 456 checks, columns = tree prediction
B23: Monitor | C23: Seal cracks | D23: Polymer laminate | E23: Steel plate or jacket | F23: Total | G23: Caught (share of this scheme predicted correctly)
A24: Monitor | B24: =COUNTIFS('Training beams'!$R$4:$R$2103,"Monitor",'Training beams'!$S$4:$S$2103,"Monitor") -> 695 | C24: =COUNTIFS('Training beams'!$R$4:$R$2103,"Monitor",'Training beams'!$S$4:$S$2103,"Seal cracks") -> 0 | D24: =COUNTIFS('Training beams'!$R$4:$R$2103,"Monitor",'Training beams'!$S$4:$S$2103,"Polymer laminate") -> 0 | E24: =COUNTIFS('Training beams'!$R$4:$R$2103,"Monitor",'Training beams'!$S$4:$S$2103,"Steel plate or jacket") -> 0 | F24: =SUM(B24:E24) -> 695 | G24: =IF(F24=0,0,B24/F24) -> 1
A25: Seal cracks | B25: =COUNTIFS('Training beams'!$R$4:$R$2103,"Seal cracks",'Training beams'!$S$4:$S$2103,"Monitor") -> 0 | C25: =COUNTIFS('Training beams'!$R$4:$R$2103,"Seal cracks",'Training beams'!$S$4:$S$2103,"Seal cracks") -> 312 | D25: =COUNTIFS('Training beams'!$R$4:$R$2103,"Seal cracks",'Training beams'!$S$4:$S$2103,"Polymer laminate") -> 0 | E25: =COUNTIFS('Training beams'!$R$4:$R$2103,"Seal cracks",'Training beams'!$S$4:$S$2103,"Steel plate or jacket") -> 0 | F25: =SUM(B25:E25) -> 312 | G25: =IF(F25=0,0,C25/F25) -> 1
A26: Polymer laminate | B26: =COUNTIFS('Training beams'!$R$4:$R$2103,"Polymer laminate",'Training beams'!$S$4:$S$2103,"Monitor") -> 2 | C26: =COUNTIFS('Training beams'!$R$4:$R$2103,"Polymer laminate",'Training beams'!$S$4:$S$2103,"Seal cracks") -> 4 | D26: =COUNTIFS('Training beams'!$R$4:$R$2103,"Polymer laminate",'Training beams'!$S$4:$S$2103,"Polymer laminate") -> 812 | E26: =COUNTIFS('Training beams'!$R$4:$R$2103,"Polymer laminate",'Training beams'!$S$4:$S$2103,"Steel plate or jacket") -> 187 | F26: =SUM(B26:E26) -> 1005 | G26: =IF(F26=0,0,D26/F26) -> 0.8079602
A27: Steel plate or jacket | B27: =COUNTIFS('Training beams'!$R$4:$R$2103,"Steel plate or jacket",'Training beams'!$S$4:$S$2103,"Monitor") -> 0 | C27: =COUNTIFS('Training beams'!$R$4:$R$2103,"Steel plate or jacket",'Training beams'!$S$4:$S$2103,"Seal cracks") -> 0 | D27: =COUNTIFS('Training beams'!$R$4:$R$2103,"Steel plate or jacket",'Training beams'!$S$4:$S$2103,"Polymer laminate") -> 4 | E27: =COUNTIFS('Training beams'!$R$4:$R$2103,"Steel plate or jacket",'Training beams'!$S$4:$S$2103,"Steel plate or jacket") -> 84 | F27: =SUM(B27:E27) -> 88 | G27: =IF(F27=0,0,E27/F27) -> 0.95454545
A28: Balanced accuracy (mean of the four catch rates) | G28: =AVERAGE(G24:G27) -> 0.94062641
A29: Plate or jacket beams caught | G29: =E27&" of "&F27 -> 84 of 88
A31: Test and training accuracy are close (about 90% and 91%), so the tree has not memorised the training beams.
A32: Most errors are on the safe side: polymer-laminate beams sent to plate or jacket (a stronger scheme than needed).

Sheet Tree rules
A1: Split values found by the decision tree (depth 3, at least 20 beams per end point, classes weighted)
A3: Cell name | B3: Quantity | C3: Split value | D3: Where in the tree
A4: S1 | B4: Moment demand / capacity | C4: 1.0008967 | D4: First split
A5: S2 | B5: Crack width / IS 456 limit | C5: 1.0010298 | D5: Demand / capacity at most the first split
A6: S3 | B6: Deflection / span/250 limit | C6: 0.96023756 | D6: Cracks within the limit
A7: S4 | B7: Deflection / span/250 limit | C7: 0.98872226 | D7: Cracks over the limit
A8: S5 | B8: Moment demand / capacity | C8: 1.2942649 | D8: Demand / capacity above the first split
A9: S6 | B9: Stiffness left (twin, lower bound) | C9: 0.29533738 | D9: Demand / capacity up to the second split
A10: S7 | B10: Span / effective depth | C10: 13.006471 | D10: Demand / capacity above the second split
A13: The tree as rules
A14: If moment demand / capacity <= S1 (about 1.00, the beam is strong enough):
A15: if crack width / limit <= S2 (about 1.00): monitor if deflection / limit <= S3 (about 0.96), otherwise polymer laminate;
A16: if crack width / limit > S2: seal cracks if deflection / limit <= S4 (about 0.99), otherwise polymer laminate.
A17: If moment demand / capacity > S1 (more strength needed):
A18: if demand / capacity <= S5 (about 1.29): steel plate or jacket if the twin's stiffness left <= S6 (about 0.30), otherwise polymer laminate;
A19: if demand / capacity > S5: steel plate or jacket if span / effective depth <= S7 (about 13.0), otherwise polymer laminate.
A21: Split values are shown rounded; the formulas use the full values in column C.

Sheet Training beams
A1: Training beams: the 2100 beams the tree learned its rules from
A3: Beam no. | B3: Span (m) | C3: Width b (mm) | D3: Depth D (mm) | E3: Concrete grade fck (MPa) | F3: Steel ratio (%) | G3: Exposure (IS 456 Table 3) | H3: Crack limit (mm) | I3: Live load factor (change of use) | J3: Design utilisation | K3: Dead load fraction | L3: Span / effective depth | M3: Stiffness left (twin, lower bound) | N3: Crack width / limit | O3: Moment demand / capacity | P3: Deflection / span/250 limit | Q3: Scheme by IS 456 checks | R3: Class used by the tree | S3: Tree prediction | T3: Correct?
A4: 0 | B4: 4.4885473 | C4: 300 | D4: 375 | E4: 20 | F4: 0.56947299 | G4: Moderate, cracking not harmful | H4: 0.3 | I4: 1.5 | J4: 0.94064736 | K4: 0.52287083 | L4: 13.560566 | M4: 0.3494536 | N4: 0.82043851 | O4: 1.1650525 | P4: 1.021814 | Q4: Polymer laminate | R4: =IF(OR(Q4="Steel plate",Q4="Concrete jacket"),"Steel plate or jacket",Q4) -> Polymer laminate | S4: =IF(O4<='Tree rules'!$C$4,IF(N4<='Tree rules'!$C$5,IF(P4<='Tree rules'!$C$6,"Monitor","Polymer laminate"),IF(P4<='Tree rules'!$C$7,"Seal cracks","Polymer laminate")),IF(O4<='Tree rules'!$C$8,IF(M4<='Tree rules'!$C$9,"Steel plate or jacket","Polymer laminate"),IF(L4<='Tree rules'!$C$10,"Steel plate or jacket","Polymer laminate"))) -> Polymer laminate | T4: =IF(S4=R4,"Yes","No") -> Yes
A5: 2 | B5: 3.3918645 | C5: 300 | D5: 325 | E5: 30 | F5: 0.79938744 | G5: Severe | H5: 0.1 | I5: 1 | J5: 0.93270635 | K5: 0.46567081 | L5: 12.946048 | M5: 0.26549538 | N5: 3.7200816 | O5: 0.93270635 | P5: 0.95189071 | Q5: Seal cracks | R5: =IF(OR(Q5="Steel plate",Q5="Concrete jacket"),"Steel plate or jacket",Q5) -> Seal cracks | S5: =IF(O5<='Tree rules'!$C$4,IF(N5<='Tree rules'!$C$5,IF(P5<='Tree rules'!$C$6,"Monitor","Polymer laminate"),IF(P5<='Tree rules'!$C$7,"Seal cracks","Polymer laminate")),IF(O5<='Tree rules'!$C$8,IF(M5<='Tree rules'!$C$9,"Steel plate or jacket","Polymer laminate"),IF(L5<='Tree rules'!$C$10,"Steel plate or jacket","Polymer laminate"))) -> Seal cracks | T5: =IF(S5=R5,"Yes","No") -> Yes
A6: 3 | B6: 4.4088012 | C6: 230 | D6: 400 | E6: 25 | F6: 0.77608514 | G6: Exposed to weather or moisture | H6: 0.2 | I6: 1.5 | J6: 0.91413468 | K6: 0.52323404 | L6: 12.525003 | M6: 0.37451972 | N6: 1.6587783 | O6: 1.1320488 | P6: 1.0196185 | Q6: Polymer laminate | R6: =IF(OR(Q6="Steel plate",Q6="Concrete jacket"),"Steel plate or jacket",Q6) -> Polymer laminate | S6: =IF(O6<='Tree rules'!$C$4,IF(N6<='Tree rules'!$C$5,IF(P6<='Tree rules'!$C$6,"Monitor","Polymer laminate"),IF(P6<='Tree rules'!$C$7,"Seal cracks","Polymer laminate")),IF(O6<='Tree rules'!$C$8,IF(M6<='Tree rules'!$C$9,"Steel plate or jacket","Polymer laminate"),IF(L6<='Tree rules'!$C$10,"Steel plate or jacket","Polymer laminate"))) -> Polymer laminate | T6: =IF(S6=R6,"Yes","No") -> Yes
A7: 5 | B7: 4.6784854 | C7: 300 | D7: 475 | E7: 30 | F7: 0.78112638 | G7: Moderate, cracking not harmful | H7: 0.3 | I7: 1 | J7: 0.93496737 | K7: 0.49795824 | L7: 10.90556 | M7: 0.6050553 | N7: 0.62113821 | O7: 0.93496737 | P7: 0.51764299 | Q7: Monitor | R7: =IF(OR(Q7="Steel plate",Q7="Concrete jacket"),"Steel plate or jacket",Q7) -> Monitor | S7: =IF(O7<='Tree rules'!$C$4,IF(N7<='Tree rules'!$C$5,IF(P7<='Tree rules'!$C$6,"Monitor","Polymer laminate"),IF(P7<='Tree rules'!$C$7,"Seal cracks","Polymer laminate")),IF(O7<='Tree rules'!$C$8,IF(M7<='Tree rules'!$C$9,"Steel plate or jacket","Polymer laminate"),IF(L7<='Tree rules'!$C$10,"Steel plate or jacket","Polymer laminate"))) -> Monitor | T7: =IF(S7=R7,"Yes","No") -> Yes
A8: 7 | B8: 4.0900297 | C8: 300 | D8: 375 | E8: 25 | F8: 0.61113049 | G8: Moderate, cracking not harmful | H8: 0.3 | I8: 1 | J8: 0.94940231 | K8: 0.47911964 | L8: 12.431701 | M8: 0.69938639 | N8: 0.75535152 | O8: 0.94940231 | P8: 0.41196457 | Q8: Monitor | R8: =IF(OR(Q8="Steel plate",Q8="Concrete jacket"),"Steel plate or jacket",Q8) -> Monitor | S8: =IF(O8<='Tree rules'!$C$4,IF(N8<='Tree rules'!$C$5,IF(P8<='Tree rules'!$C$6,"Monitor","Polymer laminate"),IF(P8<='Tree rules'!$C$7,"Seal cracks","Polymer laminate")),IF(O8<='Tree rules'!$C$8,IF(M8<='Tree rules'!$C$9,"Steel plate or jacket","Polymer laminate"),IF(L8<='Tree rules'!$C$10,"Steel plate or jacket","Polymer laminate"))) -> Monitor | T8: =IF(S8=R8,"Yes","No") -> Yes
A9: 8 | B9: 3.0307783 | C9: 230 | D9: 300 | E9: 30 | F9: 1.0324988 | G9: Exposed to weather or moisture | H9: 0.2 | I9: 2 | J9: 0.88480683 | K9: 0.48277342 | L9: 11.932198 | M9: 0.47590589 | N9: 1.5553183 | O9: 1.3424524 | P9: 0.87172323 | Q9: Polymer laminate | R9: =IF(OR(Q9="Steel plate",Q9="Concrete jacket"),"Steel plate or jacket",Q9) -> Polymer laminate | S9: =IF(O9<='Tree rules'!$C$4,IF(N9<='Tree rules'!$C$5,IF(P9<='Tree rules'!$C$6,"Monitor","Polymer laminate"),IF(P9<='Tree rules'!$C$7,"Seal cracks","Polymer laminate")),IF(O9<='Tree rules'!$C$8,IF(M9<='Tree rules'!$C$9,"Steel plate or jacket","Polymer laminate"),IF(L9<='Tree rules'!$C$10,"Steel plate or jacket","Polymer laminate"))) -> Steel plate or jacket | T9: =IF(S9=R9,"Yes","No") -> No
A10: 9 | B10: 6.5003303 | C10: 230 | D10: 575 | E10: 25 | F10: 0.77755779 | G10: Moderate, cracking not harmful | H10: 0.3 | I10: 1.5 | J10: 0.87918653 | K10: 0.58875331 | L10: 12.334593 | M10: 0.94551784 | N10: 0.69250658 | O10: 1.0599678 | P10: 0.47572549 | Q10: Polymer laminate | R10: =IF(OR(Q10="Steel plate",Q10="Concrete jacket"),"Steel plate or jacket",Q10) -> Polymer laminate | S10: =IF(O10<='Tree rules'!$C$4,IF(N10<='Tree rules'!$C$5,IF(P10<='Tree rules'!$C$6,"Monitor","Polymer laminate"),IF(P10<='Tree rules'!$C$7,"Seal cracks","Polymer laminate")),IF(O10<='Tree rules'!$C$8,IF(M10<='Tree rules'!$C$9,"Steel plate or jacket","Polymer laminate"),IF(L10<='Tree rules'!$C$10,"Steel plate or jacket","Polymer laminate"))) -> Polymer laminate | T10: =IF(S10=R10,"Yes","No") -> Yes
A11: 10 | B11: 7.2120614 | C11: 230 | D11: 625 | E11: 30 | F11: 0.71017843 | G11: Exposed to weather or moisture | H11: 0.2 | I11: 1 | J11: 0.87003432 | K11: 0.50447823 | L11: 12.49924 | M11: 0.94633828 | N11: 0.82973378 | O11: 0.87003432 | P11: 0.3701953 | Q11: Monitor | R11: =IF(OR(Q11="Steel plate",Q11="Concrete jacket"),"Steel plate or jacket",Q11) -> Monitor | S11: =IF(O11<='Tree rules'!$C$4,IF(N11<='Tree rules'!$C$5,IF(P11<='Tree rules'!$C$6,"Monitor","Polymer laminate"),IF(P11<='Tree rules'!$C$7,"Seal cracks","Polymer laminate")),IF(O11<='Tree rules'!$C$8,IF(M11<='Tree rules'!$C$9,"Steel plate or jacket","Polymer laminate"),IF(L11<='Tree rules'!$C$10,"Steel plate or jacket","Polymer laminate"))) -> Monitor | T11: =IF(S11=R11,"Yes","No") -> Yes
A12: 11 | B12: 4.1525368 | C12: 230 | D12: 375 | E12: 20 | F12: 0.59423268 | G12: Moderate, cracking not harmful | H12: 0.3 | I12: 2 | J12: 0.99352632 | K12: 0.40324915 | L12: 12.545429 | M12: 0.81726013 | N12: 1.0253411 | O12: 1.586414 | P12: 0.49479003 | Q12: Polymer laminate | R12: =IF(OR(Q12="Steel plate",Q12="Concrete jacket"),"Steel plate or jacket",Q12) -> Polymer laminate | S12: =IF(O12<='Tree rules'!$C$4,IF(N12<='Tree rules'!$C$5,IF(P12<='Tree rules'!$C$6,"Monitor","Polymer laminate"),IF(P12<='Tree rules'!$C$7,"Seal cracks","Polymer laminate")),IF(O12<='Tree rules'!$C$8,IF(M12<='Tree rules'!$C$9,"Steel plate or jacket","Polymer laminate"),IF(L12<='Tree rules'!$C$10,"Steel plate or jacket","Polymer laminate"))) -> Steel plate or jacket | T12: =IF(S12=R12,"Yes","No") -> No
A13: 12 | B13: 7.1250673 | C13: 230 | D13: 600 | E13: 30 | F13: 0.63117856 | G13: Moderate, cracking not harmful | H13: 0.3 | I13: 2 | J13: 0.98068114 | K13: 0.46662516 | L13: 12.861132 | M13: 0.78112819 | N13: 0.95448523 | O13: 1.5037518 | P13: 0.55879384 | Q13: Steel plate | R13: =IF(OR(Q13="Steel plate",Q13="Concrete jacket"),"Steel plate or jacket",Q13) -> Steel plate or jacket | S13: =IF(O13<='Tree rules'!$C$4,IF(N13<='Tree rules'!$C$5,IF(P13<='Tree rules'!$C$6,"Monitor","Polymer laminate"),IF(P13<='Tree rules'!$C$7,"Seal cracks","Polymer laminate")),IF(O13<='Tree rules'!$C$8,IF(M13<='Tree rules'!$C$9,"Steel plate or jacket","Polymer laminate"),IF(L13<='Tree rules'!$C$10,"Steel plate or jacket","Polymer laminate"))) -> Steel plate or jacket | T13: =IF(S13=R13,"Yes","No") -> Yes
A14: 14 | B14: 4.9168303 | C14: 300 | D14: 500 | E14: 30 | F14: 0.9267235 | G14: Moderate, cracking not harmful | H14: 0.3 | I14: 1.5 | J14: 0.88757976 | K14: 0.49987336 | L14: 10.877943 | M14: 0.38830118 | N14: 0.81849556 | O14: 1.1095309 | P14: 0.95803356 | Q14: Polymer laminate | R14: =IF(OR(Q14="Steel plate",Q14="Concrete jacket"),"Steel plate or jacket",Q14) -> Polymer laminate | S14: =IF(O14<='Tree rules'!$C$4,IF(N14<='Tree rules'!$C$5,IF(P14<='Tree rules'!$C$6,"Monitor","Polymer laminate"),IF(P14<='Tree rules'!$C$7,"Seal cracks","Polymer laminate")),IF(O14<='Tree rules'!$C$8,IF(M14<='Tree rules'!$C$9,"Steel plate or jacket","Polymer laminate"),IF(L14<='Tree rules'!$C$10,"Steel plate or jacket","Polymer laminate"))) -> Polymer laminate | T14: =IF(S14=R14,"Yes","No") -> Yes
A15: 15 | B15: 3.1059624 | C15: 300 | D15: 300 | E15: 25 | F15: 0.88357293 | G15: Moderate, cracking not harmful | H15: 0.3 | I15: 1 | J15: 0.88296544 | K15: 0.6497952 | L15: 12.132666 | M15: 0.41757388 | N15: 0.60835043 | O15: 0.88296544 | P15: 0.86047764 | Q15: Monitor | R15: =IF(OR(Q15="Steel plate",Q15="Concrete jacket"),"Steel plate or jacket",Q15) -> Monitor | S15: =IF(O15<='Tree rules'!$C$4,IF(N15<='Tree rules'!$C$5,IF(P15<='Tree rules'!$C$6,"Monitor","Polymer laminate"),IF(P15<='Tree rules'!$C$7,"Seal cracks","Polymer laminate")),IF(O15<='Tree rules'!$C$8,IF(M15<='Tree rules'!$C$9,"Steel plate or jacket","Polymer laminate"),IF(L15<='Tree rules'!$C$10,"Steel plate or jacket","Polymer laminate"))) -> Monitor | T15: =IF(S15=R15,"Yes","No") -> Yes
... A2103: 2999 | B2103: 3.2834002 | C2103: 300 | D2103: 300 | E2103: 30 | F2103: 0.73631078 | G2103: Moderate, cracking not harmful | H2103: 0.3 | I2103: 1 | J2103: 0.97474281 | K2103: 0.43074191 | L2103: 12.825782 | M2103: 0.4330419 | N2103: 0.70011946 | O2103: 0.97474281 | P2103: 0.65425017 | Q2103: Monitor | R2103: =IF(OR(Q2103="Steel plate",Q2103="Concrete jacket"),"Steel plate or jacket",Q2103) -> Monitor | S2103: =IF(O2103<='Tree rules'!$C$4,IF(N2103<='Tree rules'!$C$5,IF(P2103<='Tree rules'!$C$6,"Monitor","Polymer laminate"),IF(P2103<='Tree rules'!$C$7,"Seal cracks","Polymer laminate")),IF(O2103<='Tree rules'!$C$8,IF(M2103<='Tree rules'!$C$9,"Steel plate or jacket","Polymer laminate"),IF(L2103<='Tree rules'!$C$10,"Steel plate or jacket","Polymer laminate"))) -> Monitor | T2103: =IF(S2103=R2103,"Yes","No") -> Yes

Sheet Test beams
A1: Test beams: the 900 beams the tree never saw while learning
A3: Beam no. | B3: Span (m) | C3: Width b (mm) | D3: Depth D (mm) | E3: Concrete grade fck (MPa) | F3: Steel ratio (%) | G3: Exposure (IS 456 Table 3) | H3: Crack limit (mm) | I3: Live load factor (change of use) | J3: Design utilisation | K3: Dead load fraction | L3: Span / effective depth | M3: Stiffness left (twin, lower bound) | N3: Crack width / limit | O3: Moment demand / capacity | P3: Deflection / span/250 limit | Q3: Scheme by IS 456 checks | R3: Class used by the tree | S3: Tree prediction | T3: Correct?
A4: 1 | B4: 4.1584911 | C4: 230 | D4: 350 | E4: 30 | F4: 0.90745568 | G4: Severe | H4: 0.1 | I4: 1.5 | J4: 0.89780184 | K4: 0.47841669 | L4: 14.389243 | M4: 0.83416668 | N4: 3.1595978 | O4: 1.1319411 | P4: 0.48096827 | Q4: Polymer laminate | R4: =IF(OR(Q4="Steel plate",Q4="Concrete jacket"),"Steel plate or jacket",Q4) -> Polymer laminate | S4: =IF(O4<='Tree rules'!$C$4,IF(N4<='Tree rules'!$C$5,IF(P4<='Tree rules'!$C$6,"Monitor","Polymer laminate"),IF(P4<='Tree rules'!$C$7,"Seal cracks","Polymer laminate")),IF(O4<='Tree rules'!$C$8,IF(M4<='Tree rules'!$C$9,"Steel plate or jacket","Polymer laminate"),IF(L4<='Tree rules'!$C$10,"Steel plate or jacket","Polymer laminate"))) -> Polymer laminate | T4: =IF(S4=R4,"Yes","No") -> Yes
A5: 4 | B5: 3.2309351 | C5: 300 | D5: 300 | E5: 25 | F5: 0.83110917 | G5: Exposed to weather or moisture | H5: 0.2 | I5: 1 | J5: 0.93871289 | K5: 0.40255798 | L5: 12.821171 | M5: 0.55099873 | N5: 1.5280016 | O5: 0.93871289 | P5: 0.55712006 | Q5: Seal cracks | R5: =IF(OR(Q5="Steel plate",Q5="Concrete jacket"),"Steel plate or jacket",Q5) -> Seal cracks | S5: =IF(O5<='Tree rules'!$C$4,IF(N5<='Tree rules'!$C$5,IF(P5<='Tree rules'!$C$6,"Monitor","Polymer laminate"),IF(P5<='Tree rules'!$C$7,"Seal cracks","Polymer laminate")),IF(O5<='Tree rules'!$C$8,IF(M5<='Tree rules'!$C$9,"Steel plate or jacket","Polymer laminate"),IF(L5<='Tree rules'!$C$10,"Steel plate or jacket","Polymer laminate"))) -> Seal cracks | T5: =IF(S5=R5,"Yes","No") -> Yes
A6: 6 | B6: 3.7480279 | C6: 300 | D6: 375 | E6: 30 | F6: 1.0185508 | G6: Moderate, cracking not harmful | H6: 0.3 | I6: 1 | J6: 0.89393738 | K6: 0.51692502 | L6: 11.392182 | M6: 0.92045593 | N6: 0.57487701 | O6: 0.89393738 | P6: 0.41382277 | Q6: Monitor | R6: =IF(OR(Q6="Steel plate",Q6="Concrete jacket"),"Steel plate or jacket",Q6) -> Monitor | S6: =IF(O6<='Tree rules'!$C$4,IF(N6<='Tree rules'!$C$5,IF(P6<='Tree rules'!$C$6,"Monitor","Polymer laminate"),IF(P6<='Tree rules'!$C$7,"Seal cracks","Polymer laminate")),IF(O6<='Tree rules'!$C$8,IF(M6<='Tree rules'!$C$9,"Steel plate or jacket","Polymer laminate"),IF(L6<='Tree rules'!$C$10,"Steel plate or jacket","Polymer laminate"))) -> Monitor | T6: =IF(S6=R6,"Yes","No") -> Yes
A7: 13 | B7: 4.9713616 | C7: 230 | D7: 450 | E7: 20 | F7: 0.67955714 | G7: Moderate, cracking not harmful | H7: 0.3 | I7: 2 | J7: 0.8895053 | K7: 0.52358826 | L7: 12.366571 | M7: 0.92821939 | N7: 1.1612684 | O7: 1.3132761 | P7: 0.47141436 | Q7: Polymer laminate | R7: =IF(OR(Q7="Steel plate",Q7="Concrete jacket"),"Steel plate or jacket",Q7) -> Polymer laminate | S7: =IF(O7<='Tree rules'!$C$4,IF(N7<='Tree rules'!$C$5,IF(P7<='Tree rules'!$C$6,"Monitor","Polymer laminate"),IF(P7<='Tree rules'!$C$7,"Seal cracks","Polymer laminate")),IF(O7<='Tree rules'!$C$8,IF(M7<='Tree rules'!$C$9,"Steel plate or jacket","Polymer laminate"),IF(L7<='Tree rules'!$C$10,"Steel plate or jacket","Polymer laminate"))) -> Steel plate or jacket | T7: =IF(S7=R7,"Yes","No") -> No
A8: 16 | B8: 4.3980596 | C8: 230 | D8: 425 | E8: 20 | F8: 0.69196488 | G8: Exposed to weather or moisture | H8: 0.2 | I8: 1.5 | J8: 0.99103238 | K8: 0.4591151 | L8: 11.604379 | M8: 0.89495534 | N8: 1.2891975 | O8: 1.2590496 | P8: 0.44631714 | Q8: Polymer laminate | R8: =IF(OR(Q8="Steel plate",Q8="Concrete jacket"),"Steel plate or jacket",Q8) -> Polymer laminate | S8: =IF(O8<='Tree rules'!$C$4,IF(N8<='Tree rules'!$C$5,IF(P8<='Tree rules'!$C$6,"Monitor","Polymer laminate"),IF(P8<='Tree rules'!$C$7,"Seal cracks","Polymer laminate")),IF(O8<='Tree rules'!$C$8,IF(M8<='Tree rules'!$C$9,"Steel plate or jacket","Polymer laminate"),IF(L8<='Tree rules'!$C$10,"Steel plate or jacket","Polymer laminate"))) -> Polymer laminate | T8: =IF(S8=R8,"Yes","No") -> Yes
A9: 18 | B9: 6.163627 | C9: 300 | D9: 475 | E9: 30 | F9: 0.6249011 | G9: Moderate, cracking not harmful | H9: 0.3 | I9: 1 | J9: 0.99143106 | K9: 0.42047764 | L9: 14.367429 | M9: 0.87261659 | N9: 0.65888634 | O9: 0.99143106 | P9: 0.40585577 | Q9: Monitor | R9: =IF(OR(Q9="Steel plate",Q9="Concrete jacket"),"Steel plate or jacket",Q9) -> Monitor | S9: =IF(O9<='Tree rules'!$C$4,IF(N9<='Tree rules'!$C$5,IF(P9<='Tree rules'!$C$6,"Monitor","Polymer laminate"),IF(P9<='Tree rules'!$C$7,"Seal cracks","Polymer laminate")),IF(O9<='Tree rules'!$C$8,IF(M9<='Tree rules'!$C$9,"Steel plate or jacket","Polymer laminate"),IF(L9<='Tree rules'!$C$10,"Steel plate or jacket","Polymer laminate"))) -> Monitor | T9: =IF(S9=R9,"Yes","No") -> Yes
A10: 19 | B10: 3.7973704 | C10: 300 | D10: 350 | E10: 30 | F10: 0.88185057 | G10: Moderate, cracking not harmful | H10: 0.3 | I10: 1 | J10: 0.93187199 | K10: 0.50463956 | L10: 12.49135 | M10: 0.94095705 | N10: 0.63991082 | O10: 0.93187199 | P10: 0.3973236 | Q10: Monitor | R10: =IF(OR(Q10="Steel plate",Q10="Concrete jacket"),"Steel plate or jacket",Q10) -> Monitor | S10: =IF(O10<='Tree rules'!$C$4,IF(N10<='Tree rules'!$C$5,IF(P10<='Tree rules'!$C$6,"Monitor","Polymer laminate"),IF(P10<='Tree rules'!$C$7,"Seal cracks","Polymer laminate")),IF(O10<='Tree rules'!$C$8,IF(M10<='Tree rules'!$C$9,"Steel plate or jacket","Polymer laminate"),IF(L10<='Tree rules'!$C$10,"Steel plate or jacket","Polymer laminate"))) -> Monitor | T10: =IF(S10=R10,"Yes","No") -> Yes
A11: 22 | B11: 6.0223782 | C11: 300 | D11: 500 | E11: 20 | F11: 0.69504262 | G11: Exposed to weather or moisture | H11: 0.2 | I11: 1 | J11: 0.87218944 | K11: 0.56455295 | L11: 13.323845 | M11: 0.86028378 | N11: 0.96641674 | O11: 0.87218944 | P11: 0.47191766 | Q11: Monitor | R11: =IF(OR(Q11="Steel plate",Q11="Concrete jacket"),"Steel plate or jacket",Q11) -> Monitor | S11: =IF(O11<='Tree rules'!$C$4,IF(N11<='Tree rules'!$C$5,IF(P11<='Tree rules'!$C$6,"Monitor","Polymer laminate"),IF(P11<='Tree rules'!$C$7,"Seal cracks","Polymer laminate")),IF(O11<='Tree rules'!$C$8,IF(M11<='Tree rules'!$C$9,"Steel plate or jacket","Polymer laminate"),IF(L11<='Tree rules'!$C$10,"Steel plate or jacket","Polymer laminate"))) -> Monitor | T11: =IF(S11=R11,"Yes","No") -> Yes
A12: 23 | B12: 5.809445 | C12: 300 | D12: 575 | E12: 30 | F12: 0.61359232 | G12: Severe | H12: 0.1 | I12: 1 | J12: 0.90272367 | K12: 0.62322587 | L12: 11.346572 | M12: 0.92087675 | N12: 2.364714 | O12: 0.90272367 | P12: 0.3139599 | Q12: Seal cracks | R12: =IF(OR(Q12="Steel plate",Q12="Concrete jacket"),"Steel plate or jacket",Q12) -> Seal cracks | S12: =IF(O12<='Tree rules'!$C$4,IF(N12<='Tree rules'!$C$5,IF(P12<='Tree rules'!$C$6,"Monitor","Polymer laminate"),IF(P12<='Tree rules'!$C$7,"Seal cracks","Polymer laminate")),IF(O12<='Tree rules'!$C$8,IF(M12<='Tree rules'!$C$9,"Steel plate or jacket","Polymer laminate"),IF(L12<='Tree rules'!$C$10,"Steel plate or jacket","Polymer laminate"))) -> Seal cracks | T12: =IF(S12=R12,"Yes","No") -> Yes
A13: 24 | B13: 6.4943376 | C13: 300 | D13: 550 | E13: 30 | F13: 0.62581527 | G13: Exposed to weather or moisture | H13: 0.2 | I13: 1 | J13: 0.86426335 | K13: 0.54839532 | L13: 12.936927 | M13: 0.47904578 | N13: 1.0853866 | O13: 0.86426335 | P13: 0.63301541 | Q13: Seal cracks | R13: =IF(OR(Q13="Steel plate",Q13="Concrete jacket"),"Steel plate or jacket",Q13) -> Seal cracks | S13: =IF(O13<='Tree rules'!$C$4,IF(N13<='Tree rules'!$C$5,IF(P13<='Tree rules'!$C$6,"Monitor","Polymer laminate"),IF(P13<='Tree rules'!$C$7,"Seal cracks","Polymer laminate")),IF(O13<='Tree rules'!$C$8,IF(M13<='Tree rules'!$C$9,"Steel plate or jacket","Polymer laminate"),IF(L13<='Tree rules'!$C$10,"Steel plate or jacket","Polymer laminate"))) -> Seal cracks | T13: =IF(S13=R13,"Yes","No") -> Yes
A14: 31 | B14: 6.2354939 | C14: 300 | D14: 525 | E14: 20 | F14: 0.55967134 | G14: Exposed to weather or moisture | H14: 0.2 | I14: 1 | J14: 0.88859273 | K14: 0.46733506 | L14: 13.017733 | M14: 0.68132666 | N14: 0.88597827 | O14: 0.88859273 | P14: 0.46363452 | Q14: Monitor | R14: =IF(OR(Q14="Steel plate",Q14="Concrete jacket"),"Steel plate or jacket",Q14) -> Monitor | S14: =IF(O14<='Tree rules'!$C$4,IF(N14<='Tree rules'!$C$5,IF(P14<='Tree rules'!$C$6,"Monitor","Polymer laminate"),IF(P14<='Tree rules'!$C$7,"Seal cracks","Polymer laminate")),IF(O14<='Tree rules'!$C$8,IF(M14<='Tree rules'!$C$9,"Steel plate or jacket","Polymer laminate"),IF(L14<='Tree rules'!$C$10,"Steel plate or jacket","Polymer laminate"))) -> Monitor | T14: =IF(S14=R14,"Yes","No") -> Yes
A15: 33 | B15: 3.2765628 | C15: 230 | D15: 300 | E15: 30 | F15: 0.68833252 | G15: Exposed to weather or moisture | H15: 0.2 | I15: 1.5 | J15: 0.93345733 | K15: 0.42211822 | L15: 12.899854 | M15: 0.96531488 | N15: 1.5875449 | O15: 1.2031713 | P15: 0.31853789 | Q15: Polymer laminate | R15: =IF(OR(Q15="Steel plate",Q15="Concrete jacket"),"Steel plate or jacket",Q15) -> Polymer laminate | S15: =IF(O15<='Tree rules'!$C$4,IF(N15<='Tree rules'!$C$5,IF(P15<='Tree rules'!$C$6,"Monitor","Polymer laminate"),IF(P15<='Tree rules'!$C$7,"Seal cracks","Polymer laminate")),IF(O15<='Tree rules'!$C$8,IF(M15<='Tree rules'!$C$9,"Steel plate or jacket","Polymer laminate"),IF(L15<='Tree rules'!$C$10,"Steel plate or jacket","Polymer laminate"))) -> Polymer laminate | T15: =IF(S15=R15,"Yes","No") -> Yes
... A903: 2991 | B903: 4.4656435 | C903: 230 | D903: 425 | E903: 30 | F903: 0.69196488 | G903: Moderate, cracking not harmful | H903: 0.3 | I903: 1 | J903: 0.95603628 | K903: 0.62412372 | L903: 11.7827 | M903: 0.94263903 | N903: 0.63420089 | O903: 0.95603628 | P903: 0.36529369 | Q903: Monitor | R903: =IF(OR(Q903="Steel plate",Q903="Concrete jacket"),"Steel plate or jacket",Q903) -> Monitor | S903: =IF(O903<='Tree rules'!$C$4,IF(N903<='Tree rules'!$C$5,IF(P903<='Tree rules'!$C$6,"Monitor","Polymer laminate"),IF(P903<='Tree rules'!$C$7,"Seal cracks","Polymer laminate")),IF(O903<='Tree rules'!$C$8,IF(M903<='Tree rules'!$C$9,"Steel plate or jacket","Polymer laminate"),IF(L903<='Tree rules'!$C$10,"Steel plate or jacket","Polymer laminate"))) -> Monitor | T903: =IF(S903=R903,"Yes","No") -> Yes
