Workbook

Sheet Read me
A1: Decision tree: training beams and test beams
A3: What this workbook is | B3: The 10000 beams of the retrofit simulation (slide 11), split as the decision tree saw them: 7000 training beams (70%) and 3000 test beams (30%). The tree learned its rules from the training beams only. The test beams were never shown to it; its predictions for them are compared with the answer the IS 456 checks gave.
A4: How the split was made | B4: Random, stratified by scheme (each scheme has the same share in both sets), random seed 7 (Python: scikit-learn train_test_split, test_size 0.3). Same split as 09_retrofit_simulation/retrofit_tree.py.
A5: Correct answer (column "Scheme by IS 456 checks") | B5: From retrofit_sim.py: the least intrusive scheme that makes the beam comply with IS 456 cl 38.1 (flexure), cl 40 (shear), cl 23.2 (deflection) and Annex F (crack width). Order: monitor, seal cracks, polymer laminate, steel plate, concrete jacket. Steel plate and concrete jacket are one class for the tree ("Steel plate or jacket", only 449 of 10000 beams).
A6: Tree prediction (column "Tree prediction") | B6: An Excel formula: the tree's split values (sheet Tree rules) written as nested IF statements on the beam's own numbers. Excel predicts every beam itself; nothing is pasted from Python.
A7: Sheet: Training beams | B7: 7000 beams the tree learned from.
A8: Sheet: Test beams | B8: 3000 beams the tree never saw. Accuracy on these is the number on slide 11.
A9: Sheet: Tree rules | B9: The 7 split values found by the tree (green: carried from Python), and the tree written as rules.
A10: Sheet: Results | B10: Accuracy, confusion tables and catch rate of plate or jacket beams, all computed by Excel formulas from the two beam sheets.
A11: Inputs the tree could use | B11: Stiffness left (twin, lower 95% bound), crack width / IS 456 limit, moment demand / capacity, deflection / span/250 limit, live load factor (change of use), span / effective depth, steel ratio, design utilisation, dead load fraction. It chose to split on 4 of them.
A12: Colour code | B12: Blue text = data from the simulation (do not edit). Black text = Excel formulas. Green text = split values carried from the Python tree. Yellow cells = headline results.
A13: Source files | B13: 09_retrofit_simulation: retrofit_sim.py, retrofit_sim.csv, retrofit_tree.py, retrofit_tree.txt, build_tree_xl.py (this workbook).

Sheet Results
A1: How well the tree does (all values computed by Excel from the two beam sheets)
A3: Test beams (3000, never seen by the tree): the result on slide 11
A4: Beams | B4: =COUNTA('Test beams'!$A$4:$A$3003) -> 3000
A5: Correct | B5: =COUNTIF('Test beams'!$T$4:$T$3003,"Yes") -> 2703
A6: Accuracy | B6: =B5/B4 -> 0.901
A8: Confusion table: rows = scheme by IS 456 checks, columns = tree prediction
B9: Monitor | C9: Seal cracks | D9: Polymer laminate | E9: Steel plate or jacket | F9: Total | G9: Caught (share of this scheme predicted correctly)
A10: Monitor | B10: =COUNTIFS('Test beams'!$R$4:$R$3003,"Monitor",'Test beams'!$S$4:$S$3003,"Monitor") -> 939 | C10: =COUNTIFS('Test beams'!$R$4:$R$3003,"Monitor",'Test beams'!$S$4:$S$3003,"Seal cracks") -> 1 | D10: =COUNTIFS('Test beams'!$R$4:$R$3003,"Monitor",'Test beams'!$S$4:$S$3003,"Polymer laminate") -> 13 | E10: =COUNTIFS('Test beams'!$R$4:$R$3003,"Monitor",'Test beams'!$S$4:$S$3003,"Steel plate or jacket") -> 0 | F10: =SUM(B10:E10) -> 953 | G10: =IF(F10=0,0,B10/F10) -> 0.98530955
A11: Seal cracks | B11: =COUNTIFS('Test beams'!$R$4:$R$3003,"Seal cracks",'Test beams'!$S$4:$S$3003,"Monitor") -> 0 | C11: =COUNTIFS('Test beams'!$R$4:$R$3003,"Seal cracks",'Test beams'!$S$4:$S$3003,"Seal cracks") -> 439 | D11: =COUNTIFS('Test beams'!$R$4:$R$3003,"Seal cracks",'Test beams'!$S$4:$S$3003,"Polymer laminate") -> 0 | E11: =COUNTIFS('Test beams'!$R$4:$R$3003,"Seal cracks",'Test beams'!$S$4:$S$3003,"Steel plate or jacket") -> 0 | F11: =SUM(B11:E11) -> 439 | G11: =IF(F11=0,0,C11/F11) -> 1
A12: Polymer laminate | B12: =COUNTIFS('Test beams'!$R$4:$R$3003,"Polymer laminate",'Test beams'!$S$4:$S$3003,"Monitor") -> 4 | C12: =COUNTIFS('Test beams'!$R$4:$R$3003,"Polymer laminate",'Test beams'!$S$4:$S$3003,"Seal cracks") -> 10 | D12: =COUNTIFS('Test beams'!$R$4:$R$3003,"Polymer laminate",'Test beams'!$S$4:$S$3003,"Polymer laminate") -> 1210 | E12: =COUNTIFS('Test beams'!$R$4:$R$3003,"Polymer laminate",'Test beams'!$S$4:$S$3003,"Steel plate or jacket") -> 249 | F12: =SUM(B12:E12) -> 1473 | G12: =IF(F12=0,0,D12/F12) -> 0.82145282
A13: Steel plate or jacket | B13: =COUNTIFS('Test beams'!$R$4:$R$3003,"Steel plate or jacket",'Test beams'!$S$4:$S$3003,"Monitor") -> 0 | C13: =COUNTIFS('Test beams'!$R$4:$R$3003,"Steel plate or jacket",'Test beams'!$S$4:$S$3003,"Seal cracks") -> 0 | D13: =COUNTIFS('Test beams'!$R$4:$R$3003,"Steel plate or jacket",'Test beams'!$S$4:$S$3003,"Polymer laminate") -> 20 | E13: =COUNTIFS('Test beams'!$R$4:$R$3003,"Steel plate or jacket",'Test beams'!$S$4:$S$3003,"Steel plate or jacket") -> 115 | F13: =SUM(B13:E13) -> 135 | G13: =IF(F13=0,0,E13/F13) -> 0.85185185
A14: Balanced accuracy (mean of the four catch rates) | G14: =AVERAGE(G10:G13) -> 0.91465355
A15: Plate or jacket beams caught | G15: =E13&" of "&F13 -> 115 of 135
A17: Training beams (7000, used to learn the rules)
A18: Beams | B18: =COUNTA('Training beams'!$A$4:$A$7003) -> 7000
A19: Correct | B19: =COUNTIF('Training beams'!$T$4:$T$7003,"Yes") -> 6369
A20: Accuracy | B20: =B19/B18 -> 0.90985714
A22: Confusion table: rows = scheme by IS 456 checks, columns = tree prediction
B23: Monitor | C23: Seal cracks | D23: Polymer laminate | E23: Steel plate or jacket | F23: Total | G23: Caught (share of this scheme predicted correctly)
A24: Monitor | B24: =COUNTIFS('Training beams'!$R$4:$R$7003,"Monitor",'Training beams'!$S$4:$S$7003,"Monitor") -> 2215 | C24: =COUNTIFS('Training beams'!$R$4:$R$7003,"Monitor",'Training beams'!$S$4:$S$7003,"Seal cracks") -> 0 | D24: =COUNTIFS('Training beams'!$R$4:$R$7003,"Monitor",'Training beams'!$S$4:$S$7003,"Polymer laminate") -> 10 | E24: =COUNTIFS('Training beams'!$R$4:$R$7003,"Monitor",'Training beams'!$S$4:$S$7003,"Steel plate or jacket") -> 0 | F24: =SUM(B24:E24) -> 2225 | G24: =IF(F24=0,0,B24/F24) -> 0.99550562
A25: Seal cracks | B25: =COUNTIFS('Training beams'!$R$4:$R$7003,"Seal cracks",'Training beams'!$S$4:$S$7003,"Monitor") -> 0 | C25: =COUNTIFS('Training beams'!$R$4:$R$7003,"Seal cracks",'Training beams'!$S$4:$S$7003,"Seal cracks") -> 1025 | D25: =COUNTIFS('Training beams'!$R$4:$R$7003,"Seal cracks",'Training beams'!$S$4:$S$7003,"Polymer laminate") -> 0 | E25: =COUNTIFS('Training beams'!$R$4:$R$7003,"Seal cracks",'Training beams'!$S$4:$S$7003,"Steel plate or jacket") -> 0 | F25: =SUM(B25:E25) -> 1025 | G25: =IF(F25=0,0,C25/F25) -> 1
A26: Polymer laminate | B26: =COUNTIFS('Training beams'!$R$4:$R$7003,"Polymer laminate",'Training beams'!$S$4:$S$7003,"Monitor") -> 8 | C26: =COUNTIFS('Training beams'!$R$4:$R$7003,"Polymer laminate",'Training beams'!$S$4:$S$7003,"Seal cracks") -> 19 | D26: =COUNTIFS('Training beams'!$R$4:$R$7003,"Polymer laminate",'Training beams'!$S$4:$S$7003,"Polymer laminate") -> 2844 | E26: =COUNTIFS('Training beams'!$R$4:$R$7003,"Polymer laminate",'Training beams'!$S$4:$S$7003,"Steel plate or jacket") -> 565 | F26: =SUM(B26:E26) -> 3436 | G26: =IF(F26=0,0,D26/F26) -> 0.82770664
A27: Steel plate or jacket | B27: =COUNTIFS('Training beams'!$R$4:$R$7003,"Steel plate or jacket",'Training beams'!$S$4:$S$7003,"Monitor") -> 0 | C27: =COUNTIFS('Training beams'!$R$4:$R$7003,"Steel plate or jacket",'Training beams'!$S$4:$S$7003,"Seal cracks") -> 0 | D27: =COUNTIFS('Training beams'!$R$4:$R$7003,"Steel plate or jacket",'Training beams'!$S$4:$S$7003,"Polymer laminate") -> 29 | E27: =COUNTIFS('Training beams'!$R$4:$R$7003,"Steel plate or jacket",'Training beams'!$S$4:$S$7003,"Steel plate or jacket") -> 285 | F27: =SUM(B27:E27) -> 314 | G27: =IF(F27=0,0,E27/F27) -> 0.90764331
A28: Balanced accuracy (mean of the four catch rates) | G28: =AVERAGE(G24:G27) -> 0.93271389
A29: Plate or jacket beams caught | G29: =E27&" of "&F27 -> 285 of 314
A31: Test and training accuracy are close, so the tree has not memorised the training beams.
A32: Most errors are on the safe side: polymer-laminate beams sent to plate or jacket (a stronger scheme than needed).

Sheet Tree rules
A1: Split values found by the decision tree (depth 3, at least 20 beams per end point, classes weighted)
A3: Cell name | B3: Quantity | C3: Split value | D3: Where in the tree
A4: S1 | B4: Moment demand / capacity | C4: 1.0009828 | D4: First split
A5: S2 | B5: Crack width / IS 456 limit | C5: 0.99974912 | D5: After: Moment demand / capacity <= 1.00
A6: S3 | B6: Moment demand / capacity | C6: 1.3371121 | D6: After: Moment demand / capacity > 1.00
A7: S4 | B7: Deflection / span/250 limit | C7: 0.95823339 | D7: After: Moment demand / capacity <= 1.00; Crack width / IS 456 limit <= 1.00
A8: S5 | B8: Deflection / span/250 limit | C8: 0.99673277 | D8: After: Moment demand / capacity <= 1.00; Crack width / IS 456 limit > 1.00
A9: S6 | B9: Deflection / span/250 limit | C9: 1.1740406 | D9: After: Moment demand / capacity > 1.00; Moment demand / capacity <= 1.34
A10: S7 | B10: Span / effective depth | C10: 13.308077 | D10: After: Moment demand / capacity > 1.00; Moment demand / capacity > 1.34
A12: The tree as rules
A13: If Moment demand / capacity <= S1 (about 1.00):
A14: If Crack width / IS 456 limit <= S2 (about 1.00):
A15: If Deflection / span/250 limit <= S4 (about 0.96):
A16: -> Monitor
A17: If Deflection / span/250 limit > S4:
A18: -> Polymer laminate
A19: If Crack width / IS 456 limit > S2:
A20: If Deflection / span/250 limit <= S5 (about 1.00):
A21: -> Seal cracks
A22: If Deflection / span/250 limit > S5:
A23: -> Polymer laminate
... A36: Split values are shown rounded; the formulas use the full values in column C.

Sheet Training beams
A1: Training beams: the 7000 beams the tree learned its rules from
A3: Beam no. | B3: Span (m) | C3: Width b (mm) | D3: Depth D (mm) | E3: Concrete grade fck (MPa) | F3: Steel ratio (%) | G3: Exposure (IS 456 Table 3) | H3: Crack limit (mm) | I3: Live load factor (change of use) | J3: Design utilisation | K3: Dead load fraction | L3: Span / effective depth | M3: Stiffness left (twin, lower bound) | N3: Crack width / limit | O3: Moment demand / capacity | P3: Deflection / span/250 limit | Q3: Scheme by IS 456 checks | R3: Class used by the tree | S3: Tree prediction | T3: Correct?
A4: 0 | B4: 4.4885473 | C4: 300 | D4: 375 | E4: 20 | F4: 0.56947299 | G4: Moderate, cracking not harmful | H4: 0.3 | I4: 1.5 | J4: 0.94064736 | K4: 0.52287083 | L4: 13.560566 | M4: 0.3494536 | N4: 0.82043851 | O4: 1.1650525 | P4: 1.021814 | Q4: Polymer laminate | R4: =IF(OR(Q4="Steel plate",Q4="Concrete jacket"),"Steel plate or jacket",Q4) -> Polymer laminate | S4: =IF(O4<='Tree rules'!$C$4,IF(N4<='Tree rules'!$C$5,IF(P4<='Tree rules'!$C$7,"Monitor","Polymer laminate"),IF(P4<='Tree rules'!$C$8,"Seal cracks","Polymer laminate")),IF(O4<='Tree rules'!$C$6,IF(P4<='Tree rules'!$C$9,"Polymer laminate","Steel plate or jacket"),IF(L4<='Tree rules'!$C$10,"Steel plate or jacket","Polymer laminate"))) -> Polymer laminate | T4: =IF(S4=R4,"Yes","No") -> Yes
A5: 1 | B5: 4.1584911 | C5: 230 | D5: 350 | E5: 30 | F5: 0.90745568 | G5: Severe | H5: 0.1 | I5: 1.5 | J5: 0.89780184 | K5: 0.47841669 | L5: 14.389243 | M5: 0.83416668 | N5: 3.1595978 | O5: 1.1319411 | P5: 0.48096827 | Q5: Polymer laminate | R5: =IF(OR(Q5="Steel plate",Q5="Concrete jacket"),"Steel plate or jacket",Q5) -> Polymer laminate | S5: =IF(O5<='Tree rules'!$C$4,IF(N5<='Tree rules'!$C$5,IF(P5<='Tree rules'!$C$7,"Monitor","Polymer laminate"),IF(P5<='Tree rules'!$C$8,"Seal cracks","Polymer laminate")),IF(O5<='Tree rules'!$C$6,IF(P5<='Tree rules'!$C$9,"Polymer laminate","Steel plate or jacket"),IF(L5<='Tree rules'!$C$10,"Steel plate or jacket","Polymer laminate"))) -> Polymer laminate | T5: =IF(S5=R5,"Yes","No") -> Yes
A6: 2 | B6: 3.3918645 | C6: 300 | D6: 325 | E6: 30 | F6: 0.79938744 | G6: Severe | H6: 0.1 | I6: 1 | J6: 0.93270635 | K6: 0.46567081 | L6: 12.946048 | M6: 0.26549538 | N6: 3.7200816 | O6: 0.93270635 | P6: 0.95189071 | Q6: Seal cracks | R6: =IF(OR(Q6="Steel plate",Q6="Concrete jacket"),"Steel plate or jacket",Q6) -> Seal cracks | S6: =IF(O6<='Tree rules'!$C$4,IF(N6<='Tree rules'!$C$5,IF(P6<='Tree rules'!$C$7,"Monitor","Polymer laminate"),IF(P6<='Tree rules'!$C$8,"Seal cracks","Polymer laminate")),IF(O6<='Tree rules'!$C$6,IF(P6<='Tree rules'!$C$9,"Polymer laminate","Steel plate or jacket"),IF(L6<='Tree rules'!$C$10,"Steel plate or jacket","Polymer laminate"))) -> Seal cracks | T6: =IF(S6=R6,"Yes","No") -> Yes
A7: 5 | B7: 4.6784854 | C7: 300 | D7: 475 | E7: 30 | F7: 0.78112638 | G7: Moderate, cracking not harmful | H7: 0.3 | I7: 1 | J7: 0.93496737 | K7: 0.49795824 | L7: 10.90556 | M7: 0.6050553 | N7: 0.62113821 | O7: 0.93496737 | P7: 0.51764299 | Q7: Monitor | R7: =IF(OR(Q7="Steel plate",Q7="Concrete jacket"),"Steel plate or jacket",Q7) -> Monitor | S7: =IF(O7<='Tree rules'!$C$4,IF(N7<='Tree rules'!$C$5,IF(P7<='Tree rules'!$C$7,"Monitor","Polymer laminate"),IF(P7<='Tree rules'!$C$8,"Seal cracks","Polymer laminate")),IF(O7<='Tree rules'!$C$6,IF(P7<='Tree rules'!$C$9,"Polymer laminate","Steel plate or jacket"),IF(L7<='Tree rules'!$C$10,"Steel plate or jacket","Polymer laminate"))) -> Monitor | T7: =IF(S7=R7,"Yes","No") -> Yes
A8: 6 | B8: 3.7480279 | C8: 300 | D8: 375 | E8: 30 | F8: 1.0185508 | G8: Moderate, cracking not harmful | H8: 0.3 | I8: 1 | J8: 0.89393738 | K8: 0.51692502 | L8: 11.392182 | M8: 0.92045593 | N8: 0.57487701 | O8: 0.89393738 | P8: 0.41382277 | Q8: Monitor | R8: =IF(OR(Q8="Steel plate",Q8="Concrete jacket"),"Steel plate or jacket",Q8) -> Monitor | S8: =IF(O8<='Tree rules'!$C$4,IF(N8<='Tree rules'!$C$5,IF(P8<='Tree rules'!$C$7,"Monitor","Polymer laminate"),IF(P8<='Tree rules'!$C$8,"Seal cracks","Polymer laminate")),IF(O8<='Tree rules'!$C$6,IF(P8<='Tree rules'!$C$9,"Polymer laminate","Steel plate or jacket"),IF(L8<='Tree rules'!$C$10,"Steel plate or jacket","Polymer laminate"))) -> Monitor | T8: =IF(S8=R8,"Yes","No") -> Yes
A9: 7 | B9: 4.0900297 | C9: 300 | D9: 375 | E9: 25 | F9: 0.61113049 | G9: Moderate, cracking not harmful | H9: 0.3 | I9: 1 | J9: 0.94940231 | K9: 0.47911964 | L9: 12.431701 | M9: 0.69938639 | N9: 0.75535152 | O9: 0.94940231 | P9: 0.41196457 | Q9: Monitor | R9: =IF(OR(Q9="Steel plate",Q9="Concrete jacket"),"Steel plate or jacket",Q9) -> Monitor | S9: =IF(O9<='Tree rules'!$C$4,IF(N9<='Tree rules'!$C$5,IF(P9<='Tree rules'!$C$7,"Monitor","Polymer laminate"),IF(P9<='Tree rules'!$C$8,"Seal cracks","Polymer laminate")),IF(O9<='Tree rules'!$C$6,IF(P9<='Tree rules'!$C$9,"Polymer laminate","Steel plate or jacket"),IF(L9<='Tree rules'!$C$10,"Steel plate or jacket","Polymer laminate"))) -> Monitor | T9: =IF(S9=R9,"Yes","No") -> Yes
A10: 8 | B10: 3.0307783 | C10: 230 | D10: 300 | E10: 30 | F10: 1.0324988 | G10: Exposed to weather or moisture | H10: 0.2 | I10: 2 | J10: 0.88480683 | K10: 0.48277342 | L10: 11.932198 | M10: 0.47590589 | N10: 1.5553183 | O10: 1.3424524 | P10: 0.87172323 | Q10: Polymer laminate | R10: =IF(OR(Q10="Steel plate",Q10="Concrete jacket"),"Steel plate or jacket",Q10) -> Polymer laminate | S10: =IF(O10<='Tree rules'!$C$4,IF(N10<='Tree rules'!$C$5,IF(P10<='Tree rules'!$C$7,"Monitor","Polymer laminate"),IF(P10<='Tree rules'!$C$8,"Seal cracks","Polymer laminate")),IF(O10<='Tree rules'!$C$6,IF(P10<='Tree rules'!$C$9,"Polymer laminate","Steel plate or jacket"),IF(L10<='Tree rules'!$C$10,"Steel plate or jacket","Polymer laminate"))) -> Steel plate or jacket | T10: =IF(S10=R10,"Yes","No") -> No
A11: 9 | B11: 6.5003303 | C11: 230 | D11: 575 | E11: 25 | F11: 0.77755779 | G11: Moderate, cracking not harmful | H11: 0.3 | I11: 1.5 | J11: 0.87918653 | K11: 0.58875331 | L11: 12.334593 | M11: 0.94551784 | N11: 0.69250658 | O11: 1.0599678 | P11: 0.47572549 | Q11: Polymer laminate | R11: =IF(OR(Q11="Steel plate",Q11="Concrete jacket"),"Steel plate or jacket",Q11) -> Polymer laminate | S11: =IF(O11<='Tree rules'!$C$4,IF(N11<='Tree rules'!$C$5,IF(P11<='Tree rules'!$C$7,"Monitor","Polymer laminate"),IF(P11<='Tree rules'!$C$8,"Seal cracks","Polymer laminate")),IF(O11<='Tree rules'!$C$6,IF(P11<='Tree rules'!$C$9,"Polymer laminate","Steel plate or jacket"),IF(L11<='Tree rules'!$C$10,"Steel plate or jacket","Polymer laminate"))) -> Polymer laminate | T11: =IF(S11=R11,"Yes","No") -> Yes
A12: 10 | B12: 7.2120614 | C12: 230 | D12: 625 | E12: 30 | F12: 0.71017843 | G12: Exposed to weather or moisture | H12: 0.2 | I12: 1 | J12: 0.87003432 | K12: 0.50447823 | L12: 12.49924 | M12: 0.94633828 | N12: 0.82973378 | O12: 0.87003432 | P12: 0.3701953 | Q12: Monitor | R12: =IF(OR(Q12="Steel plate",Q12="Concrete jacket"),"Steel plate or jacket",Q12) -> Monitor | S12: =IF(O12<='Tree rules'!$C$4,IF(N12<='Tree rules'!$C$5,IF(P12<='Tree rules'!$C$7,"Monitor","Polymer laminate"),IF(P12<='Tree rules'!$C$8,"Seal cracks","Polymer laminate")),IF(O12<='Tree rules'!$C$6,IF(P12<='Tree rules'!$C$9,"Polymer laminate","Steel plate or jacket"),IF(L12<='Tree rules'!$C$10,"Steel plate or jacket","Polymer laminate"))) -> Monitor | T12: =IF(S12=R12,"Yes","No") -> Yes
A13: 11 | B13: 4.1525368 | C13: 230 | D13: 375 | E13: 20 | F13: 0.59423268 | G13: Moderate, cracking not harmful | H13: 0.3 | I13: 2 | J13: 0.99352632 | K13: 0.40324915 | L13: 12.545429 | M13: 0.81726013 | N13: 1.0253411 | O13: 1.586414 | P13: 0.49479003 | Q13: Polymer laminate | R13: =IF(OR(Q13="Steel plate",Q13="Concrete jacket"),"Steel plate or jacket",Q13) -> Polymer laminate | S13: =IF(O13<='Tree rules'!$C$4,IF(N13<='Tree rules'!$C$5,IF(P13<='Tree rules'!$C$7,"Monitor","Polymer laminate"),IF(P13<='Tree rules'!$C$8,"Seal cracks","Polymer laminate")),IF(O13<='Tree rules'!$C$6,IF(P13<='Tree rules'!$C$9,"Polymer laminate","Steel plate or jacket"),IF(L13<='Tree rules'!$C$10,"Steel plate or jacket","Polymer laminate"))) -> Steel plate or jacket | T13: =IF(S13=R13,"Yes","No") -> No
A14: 15 | B14: 3.1059624 | C14: 300 | D14: 300 | E14: 25 | F14: 0.88357293 | G14: Moderate, cracking not harmful | H14: 0.3 | I14: 1 | J14: 0.88296544 | K14: 0.6497952 | L14: 12.132666 | M14: 0.41757388 | N14: 0.60835043 | O14: 0.88296544 | P14: 0.86047764 | Q14: Monitor | R14: =IF(OR(Q14="Steel plate",Q14="Concrete jacket"),"Steel plate or jacket",Q14) -> Monitor | S14: =IF(O14<='Tree rules'!$C$4,IF(N14<='Tree rules'!$C$5,IF(P14<='Tree rules'!$C$7,"Monitor","Polymer laminate"),IF(P14<='Tree rules'!$C$8,"Seal cracks","Polymer laminate")),IF(O14<='Tree rules'!$C$6,IF(P14<='Tree rules'!$C$9,"Polymer laminate","Steel plate or jacket"),IF(L14<='Tree rules'!$C$10,"Steel plate or jacket","Polymer laminate"))) -> Monitor | T14: =IF(S14=R14,"Yes","No") -> Yes
A15: 16 | B15: 4.3980596 | C15: 230 | D15: 425 | E15: 20 | F15: 0.69196488 | G15: Exposed to weather or moisture | H15: 0.2 | I15: 1.5 | J15: 0.99103238 | K15: 0.4591151 | L15: 11.604379 | M15: 0.89495534 | N15: 1.2891975 | O15: 1.2590496 | P15: 0.44631714 | Q15: Polymer laminate | R15: =IF(OR(Q15="Steel plate",Q15="Concrete jacket"),"Steel plate or jacket",Q15) -> Polymer laminate | S15: =IF(O15<='Tree rules'!$C$4,IF(N15<='Tree rules'!$C$5,IF(P15<='Tree rules'!$C$7,"Monitor","Polymer laminate"),IF(P15<='Tree rules'!$C$8,"Seal cracks","Polymer laminate")),IF(O15<='Tree rules'!$C$6,IF(P15<='Tree rules'!$C$9,"Polymer laminate","Steel plate or jacket"),IF(L15<='Tree rules'!$C$10,"Steel plate or jacket","Polymer laminate"))) -> Polymer laminate | T15: =IF(S15=R15,"Yes","No") -> Yes
... A7003: 9999 | B7003: 5.9922134 | C7003: 230 | D7003: 600 | E7003: 20 | F7003: 0.74234231 | G7003: Exposed to weather or moisture | H7003: 0.2 | I7003: 1 | J7003: 0.92267515 | K7003: 0.54157888 | L7003: 10.855459 | M7003: 0.76777128 | N7003: 0.89894718 | O7003: 0.92267515 | P7003: 0.48119335 | Q7003: Monitor | R7003: =IF(OR(Q7003="Steel plate",Q7003="Concrete jacket"),"Steel plate or jacket",Q7003) -> Monitor | S7003: =IF(O7003<='Tree rules'!$C$4,IF(N7003<='Tree rules'!$C$5,IF(P7003<='Tree rules'!$C$7,"Monitor","Polymer laminate"),IF(P7003<='Tree rules'!$C$8,"Seal cracks","Polymer laminate")),IF(O7003<='Tree rules'!$C$6,IF(P7003<='Tree rules'!$C$9,"Polymer laminate","Steel plate or jacket"),IF(L7003<='Tree rules'!$C$10,"Steel plate or jacket","Polymer laminate"))) -> Monitor | T7003: =IF(S7003=R7003,"Yes","No") -> Yes

Sheet Test beams
A1: Test beams: the 3000 beams the tree never saw while learning
A3: Beam no. | B3: Span (m) | C3: Width b (mm) | D3: Depth D (mm) | E3: Concrete grade fck (MPa) | F3: Steel ratio (%) | G3: Exposure (IS 456 Table 3) | H3: Crack limit (mm) | I3: Live load factor (change of use) | J3: Design utilisation | K3: Dead load fraction | L3: Span / effective depth | M3: Stiffness left (twin, lower bound) | N3: Crack width / limit | O3: Moment demand / capacity | P3: Deflection / span/250 limit | Q3: Scheme by IS 456 checks | R3: Class used by the tree | S3: Tree prediction | T3: Correct?
A4: 3 | B4: 4.4088012 | C4: 230 | D4: 400 | E4: 25 | F4: 0.77608514 | G4: Exposed to weather or moisture | H4: 0.2 | I4: 1.5 | J4: 0.91413468 | K4: 0.52323404 | L4: 12.525003 | M4: 0.37451972 | N4: 1.6587783 | O4: 1.1320488 | P4: 1.0196185 | Q4: Polymer laminate | R4: =IF(OR(Q4="Steel plate",Q4="Concrete jacket"),"Steel plate or jacket",Q4) -> Polymer laminate | S4: =IF(O4<='Tree rules'!$C$4,IF(N4<='Tree rules'!$C$5,IF(P4<='Tree rules'!$C$7,"Monitor","Polymer laminate"),IF(P4<='Tree rules'!$C$8,"Seal cracks","Polymer laminate")),IF(O4<='Tree rules'!$C$6,IF(P4<='Tree rules'!$C$9,"Polymer laminate","Steel plate or jacket"),IF(L4<='Tree rules'!$C$10,"Steel plate or jacket","Polymer laminate"))) -> Polymer laminate | T4: =IF(S4=R4,"Yes","No") -> Yes
A5: 4 | B5: 3.2309351 | C5: 300 | D5: 300 | E5: 25 | F5: 0.83110917 | G5: Exposed to weather or moisture | H5: 0.2 | I5: 1 | J5: 0.93871289 | K5: 0.40255798 | L5: 12.821171 | M5: 0.55099873 | N5: 1.5280016 | O5: 0.93871289 | P5: 0.55712006 | Q5: Seal cracks | R5: =IF(OR(Q5="Steel plate",Q5="Concrete jacket"),"Steel plate or jacket",Q5) -> Seal cracks | S5: =IF(O5<='Tree rules'!$C$4,IF(N5<='Tree rules'!$C$5,IF(P5<='Tree rules'!$C$7,"Monitor","Polymer laminate"),IF(P5<='Tree rules'!$C$8,"Seal cracks","Polymer laminate")),IF(O5<='Tree rules'!$C$6,IF(P5<='Tree rules'!$C$9,"Polymer laminate","Steel plate or jacket"),IF(L5<='Tree rules'!$C$10,"Steel plate or jacket","Polymer laminate"))) -> Seal cracks | T5: =IF(S5=R5,"Yes","No") -> Yes
A6: 12 | B6: 7.1250673 | C6: 230 | D6: 600 | E6: 30 | F6: 0.63117856 | G6: Moderate, cracking not harmful | H6: 0.3 | I6: 2 | J6: 0.98068114 | K6: 0.46662516 | L6: 12.861132 | M6: 0.78112819 | N6: 0.95448523 | O6: 1.5037518 | P6: 0.55879384 | Q6: Steel plate | R6: =IF(OR(Q6="Steel plate",Q6="Concrete jacket"),"Steel plate or jacket",Q6) -> Steel plate or jacket | S6: =IF(O6<='Tree rules'!$C$4,IF(N6<='Tree rules'!$C$5,IF(P6<='Tree rules'!$C$7,"Monitor","Polymer laminate"),IF(P6<='Tree rules'!$C$8,"Seal cracks","Polymer laminate")),IF(O6<='Tree rules'!$C$6,IF(P6<='Tree rules'!$C$9,"Polymer laminate","Steel plate or jacket"),IF(L6<='Tree rules'!$C$10,"Steel plate or jacket","Polymer laminate"))) -> Steel plate or jacket | T6: =IF(S6=R6,"Yes","No") -> Yes
A7: 13 | B7: 4.9713616 | C7: 230 | D7: 450 | E7: 20 | F7: 0.67955714 | G7: Moderate, cracking not harmful | H7: 0.3 | I7: 2 | J7: 0.8895053 | K7: 0.52358826 | L7: 12.366571 | M7: 0.92821939 | N7: 1.1612684 | O7: 1.3132761 | P7: 0.47141436 | Q7: Polymer laminate | R7: =IF(OR(Q7="Steel plate",Q7="Concrete jacket"),"Steel plate or jacket",Q7) -> Polymer laminate | S7: =IF(O7<='Tree rules'!$C$4,IF(N7<='Tree rules'!$C$5,IF(P7<='Tree rules'!$C$7,"Monitor","Polymer laminate"),IF(P7<='Tree rules'!$C$8,"Seal cracks","Polymer laminate")),IF(O7<='Tree rules'!$C$6,IF(P7<='Tree rules'!$C$9,"Polymer laminate","Steel plate or jacket"),IF(L7<='Tree rules'!$C$10,"Steel plate or jacket","Polymer laminate"))) -> Polymer laminate | T7: =IF(S7=R7,"Yes","No") -> Yes
A8: 14 | B8: 4.9168303 | C8: 300 | D8: 500 | E8: 30 | F8: 0.9267235 | G8: Moderate, cracking not harmful | H8: 0.3 | I8: 1.5 | J8: 0.88757976 | K8: 0.49987336 | L8: 10.877943 | M8: 0.38830118 | N8: 0.81849556 | O8: 1.1095309 | P8: 0.95803356 | Q8: Polymer laminate | R8: =IF(OR(Q8="Steel plate",Q8="Concrete jacket"),"Steel plate or jacket",Q8) -> Polymer laminate | S8: =IF(O8<='Tree rules'!$C$4,IF(N8<='Tree rules'!$C$5,IF(P8<='Tree rules'!$C$7,"Monitor","Polymer laminate"),IF(P8<='Tree rules'!$C$8,"Seal cracks","Polymer laminate")),IF(O8<='Tree rules'!$C$6,IF(P8<='Tree rules'!$C$9,"Polymer laminate","Steel plate or jacket"),IF(L8<='Tree rules'!$C$10,"Steel plate or jacket","Polymer laminate"))) -> Polymer laminate | T8: =IF(S8=R8,"Yes","No") -> Yes
A9: 17 | B9: 7.7553509 | C9: 230 | D9: 675 | E9: 30 | F9: 0.55591879 | G9: Moderate, cracking not harmful | H9: 0.3 | I9: 1.5 | J9: 0.85916294 | K9: 0.61253626 | L9: 12.329652 | M9: 0.7291671 | N9: 0.62127833 | O9: 1.0256102 | P9: 0.44751046 | Q9: Polymer laminate | R9: =IF(OR(Q9="Steel plate",Q9="Concrete jacket"),"Steel plate or jacket",Q9) -> Polymer laminate | S9: =IF(O9<='Tree rules'!$C$4,IF(N9<='Tree rules'!$C$5,IF(P9<='Tree rules'!$C$7,"Monitor","Polymer laminate"),IF(P9<='Tree rules'!$C$8,"Seal cracks","Polymer laminate")),IF(O9<='Tree rules'!$C$6,IF(P9<='Tree rules'!$C$9,"Polymer laminate","Steel plate or jacket"),IF(L9<='Tree rules'!$C$10,"Steel plate or jacket","Polymer laminate"))) -> Polymer laminate | T9: =IF(S9=R9,"Yes","No") -> Yes
A10: 18 | B10: 6.163627 | C10: 300 | D10: 475 | E10: 30 | F10: 0.6249011 | G10: Moderate, cracking not harmful | H10: 0.3 | I10: 1 | J10: 0.99143106 | K10: 0.42047764 | L10: 14.367429 | M10: 0.87261659 | N10: 0.65888634 | O10: 0.99143106 | P10: 0.40585577 | Q10: Monitor | R10: =IF(OR(Q10="Steel plate",Q10="Concrete jacket"),"Steel plate or jacket",Q10) -> Monitor | S10: =IF(O10<='Tree rules'!$C$4,IF(N10<='Tree rules'!$C$5,IF(P10<='Tree rules'!$C$7,"Monitor","Polymer laminate"),IF(P10<='Tree rules'!$C$8,"Seal cracks","Polymer laminate")),IF(O10<='Tree rules'!$C$6,IF(P10<='Tree rules'!$C$9,"Polymer laminate","Steel plate or jacket"),IF(L10<='Tree rules'!$C$10,"Steel plate or jacket","Polymer laminate"))) -> Monitor | T10: =IF(S10=R10,"Yes","No") -> Yes
A11: 19 | B11: 3.7973704 | C11: 300 | D11: 350 | E11: 30 | F11: 0.88185057 | G11: Moderate, cracking not harmful | H11: 0.3 | I11: 1 | J11: 0.93187199 | K11: 0.50463956 | L11: 12.49135 | M11: 0.94095705 | N11: 0.63991082 | O11: 0.93187199 | P11: 0.3973236 | Q11: Monitor | R11: =IF(OR(Q11="Steel plate",Q11="Concrete jacket"),"Steel plate or jacket",Q11) -> Monitor | S11: =IF(O11<='Tree rules'!$C$4,IF(N11<='Tree rules'!$C$5,IF(P11<='Tree rules'!$C$7,"Monitor","Polymer laminate"),IF(P11<='Tree rules'!$C$8,"Seal cracks","Polymer laminate")),IF(O11<='Tree rules'!$C$6,IF(P11<='Tree rules'!$C$9,"Polymer laminate","Steel plate or jacket"),IF(L11<='Tree rules'!$C$10,"Steel plate or jacket","Polymer laminate"))) -> Monitor | T11: =IF(S11=R11,"Yes","No") -> Yes
A12: 23 | B12: 5.809445 | C12: 300 | D12: 575 | E12: 30 | F12: 0.61359232 | G12: Severe | H12: 0.1 | I12: 1 | J12: 0.90272367 | K12: 0.62322587 | L12: 11.346572 | M12: 0.92087675 | N12: 2.364714 | O12: 0.90272367 | P12: 0.3139599 | Q12: Seal cracks | R12: =IF(OR(Q12="Steel plate",Q12="Concrete jacket"),"Steel plate or jacket",Q12) -> Seal cracks | S12: =IF(O12<='Tree rules'!$C$4,IF(N12<='Tree rules'!$C$5,IF(P12<='Tree rules'!$C$7,"Monitor","Polymer laminate"),IF(P12<='Tree rules'!$C$8,"Seal cracks","Polymer laminate")),IF(O12<='Tree rules'!$C$6,IF(P12<='Tree rules'!$C$9,"Polymer laminate","Steel plate or jacket"),IF(L12<='Tree rules'!$C$10,"Steel plate or jacket","Polymer laminate"))) -> Seal cracks | T12: =IF(S12=R12,"Yes","No") -> Yes
A13: 27 | B13: 6.5187137 | C13: 230 | D13: 625 | E13: 20 | F13: 0.71017843 | G13: Exposed to weather or moisture | H13: 0.2 | I13: 1 | J13: 0.86575759 | K13: 0.42115077 | L13: 11.297597 | M13: 0.50680191 | N13: 0.89348749 | O13: 0.86575759 | P13: 0.61005329 | Q13: Monitor | R13: =IF(OR(Q13="Steel plate",Q13="Concrete jacket"),"Steel plate or jacket",Q13) -> Monitor | S13: =IF(O13<='Tree rules'!$C$4,IF(N13<='Tree rules'!$C$5,IF(P13<='Tree rules'!$C$7,"Monitor","Polymer laminate"),IF(P13<='Tree rules'!$C$8,"Seal cracks","Polymer laminate")),IF(O13<='Tree rules'!$C$6,IF(P13<='Tree rules'!$C$9,"Polymer laminate","Steel plate or jacket"),IF(L13<='Tree rules'!$C$10,"Steel plate or jacket","Polymer laminate"))) -> Monitor | T13: =IF(S13=R13,"Yes","No") -> Yes
A14: 29 | B14: 3.3676167 | C14: 230 | D14: 300 | E14: 20 | F14: 0.73153331 | G14: Severe | H14: 0.1 | I14: 1.5 | J14: 0.8946291 | K14: 0.41121333 | L14: 14.090446 | M14: 0.5103388 | N14: 3.7698147 | O14: 1.1580019 | P14: 0.60373378 | Q14: Polymer laminate | R14: =IF(OR(Q14="Steel plate",Q14="Concrete jacket"),"Steel plate or jacket",Q14) -> Polymer laminate | S14: =IF(O14<='Tree rules'!$C$4,IF(N14<='Tree rules'!$C$5,IF(P14<='Tree rules'!$C$7,"Monitor","Polymer laminate"),IF(P14<='Tree rules'!$C$8,"Seal cracks","Polymer laminate")),IF(O14<='Tree rules'!$C$6,IF(P14<='Tree rules'!$C$9,"Polymer laminate","Steel plate or jacket"),IF(L14<='Tree rules'!$C$10,"Steel plate or jacket","Polymer laminate"))) -> Polymer laminate | T14: =IF(S14=R14,"Yes","No") -> Yes
A15: 31 | B15: 6.2354939 | C15: 300 | D15: 525 | E15: 20 | F15: 0.55967134 | G15: Exposed to weather or moisture | H15: 0.2 | I15: 1 | J15: 0.88859273 | K15: 0.46733506 | L15: 13.017733 | M15: 0.68132666 | N15: 0.88597827 | O15: 0.88859273 | P15: 0.46363452 | Q15: Monitor | R15: =IF(OR(Q15="Steel plate",Q15="Concrete jacket"),"Steel plate or jacket",Q15) -> Monitor | S15: =IF(O15<='Tree rules'!$C$4,IF(N15<='Tree rules'!$C$5,IF(P15<='Tree rules'!$C$7,"Monitor","Polymer laminate"),IF(P15<='Tree rules'!$C$8,"Seal cracks","Polymer laminate")),IF(O15<='Tree rules'!$C$6,IF(P15<='Tree rules'!$C$9,"Polymer laminate","Steel plate or jacket"),IF(L15<='Tree rules'!$C$10,"Steel plate or jacket","Polymer laminate"))) -> Monitor | T15: =IF(S15=R15,"Yes","No") -> Yes
... A3003: 9987 | B3003: 5.5208084 | C3003: 230 | D3003: 475 | E3003: 30 | F3003: 0.63977042 | G3003: Exposed to weather or moisture | H3003: 0.2 | I3003: 1 | J3003: 0.89369597 | K3003: 0.41509409 | L3003: 12.929294 | M3003: 0.78072163 | N3003: 1.1873152 | O3003: 0.89369597 | P3003: 0.36503973 | Q3003: Seal cracks | R3003: =IF(OR(Q3003="Steel plate",Q3003="Concrete jacket"),"Steel plate or jacket",Q3003) -> Seal cracks | S3003: =IF(O3003<='Tree rules'!$C$4,IF(N3003<='Tree rules'!$C$5,IF(P3003<='Tree rules'!$C$7,"Monitor","Polymer laminate"),IF(P3003<='Tree rules'!$C$8,"Seal cracks","Polymer laminate")),IF(O3003<='Tree rules'!$C$6,IF(P3003<='Tree rules'!$C$9,"Polymer laminate","Steel plate or jacket"),IF(L3003<='Tree rules'!$C$10,"Steel plate or jacket","Polymer laminate"))) -> Seal cracks | T3003: =IF(S3003=R3003,"Yes","No") -> Yes
